{"version":1,"index":3,"parentId":"f903abaa-85ba-4af3-91ce-2f75a54ecdfa","name":"Secondary","color":{"r":0.2156862745098039,"b":0.4509803921568628,"g":0.3333333333333333,"a":1}}