{"color":{"r":0.8313725490196079,"b":0.8313725490196079,"g":0.8313725490196079,"a":1},"version":1,"parentId":"53a1176c-0561-4e97-b62e-991c6b108442","name":"Ground - Light","index":1}