{"color":{"r":0.7215686274509804,"b":0.2313725490196079,"g":0.1568627450980392,"a":1},"version":1,"parentId":"d2b942a3-bfa9-4196-a361-959c534dcc5c","name":"Error - Dark","index":10}