{"color":{"r":0.9490196078431372,"b":0.9490196078431372,"g":0.9490196078431372,"a":1},"version":1,"parentId":"53a1176c-0561-4e97-b62e-991c6b108442","name":"Ground - Lightest","index":4}