{"color":{"r":0.9450980392156862,"b":0.4274509803921568,"g":0.3529411764705883,"a":1},"version":1,"parentId":"d2b942a3-bfa9-4196-a361-959c534dcc5c","name":"Error","index":9}