{"index":0,"color":{"r":0.3333333333333333,"b":0.8156862745098039,"g":0.7686274509803922,"a":1},"parentId":"f903abaa-85ba-4af3-91ce-2f75a54ecdfa","name":"Main","version":1}