{"index":1,"color":{"r":0.8352941176470589,"b":0.9686274509803922,"g":0.9568627450980393,"a":1},"parentId":"f903abaa-85ba-4af3-91ce-2f75a54ecdfa","name":"Main - Light","version":1}