{"index":4,"color":{"r":0.792156862745098,"b":0.9019607843137255,"g":0.8470588235294118,"a":1},"parentId":"f903abaa-85ba-4af3-91ce-2f75a54ecdfa","name":"Secondary - Light","version":1}