{"index":2,"color":{"r":0.1529411764705882,"b":0.5882352941176471,"g":0.5450980392156862,"a":1},"parentId":"f903abaa-85ba-4af3-91ce-2f75a54ecdfa","name":"Main - Dark","version":1}