{"version":1,"index":5,"parentId":"f903abaa-85ba-4af3-91ce-2f75a54ecdfa","name":"Secondary - Dark","color":{"r":0.09803921568627451,"b":0.3019607843137255,"g":0.2,"a":1}}