{"version":1,"index":1,"parentId":"d2b942a3-bfa9-4196-a361-959c534dcc5c","name":"Alert","color":{"r":1,"b":0.2705882352941176,"g":0.7843137254901961,"a":1}}