{"index":0,"color":{"r":0.4313725490196079,"b":0.5647058823529412,"g":0.7568627450980392,"a":1},"parentId":"d2b942a3-bfa9-4196-a361-959c534dcc5c","name":"Success","version":1}